,Date_of_publication,Deceased,Hospital_admission,Total_reported,IC_admission,weekly_Deceased,weekly_Hospital_admission,weekly_Total_reported,weekly_IC_admission,biweekly_Deceased,biweekly_Hospital_admission,biweekly_Total_reported,biweekly_IC_admission,monthly_Deceased,monthly_Hospital_admission,monthly_Total_reported,monthly_IC_admission
0,,,,,,,,,,,,,,,,,
1,,,,,,,,,,,,,,,,,
2,2020-02-27,0.0,1.0,0.0,,,,,,,,,,,,,
3,2020-02-28,0.0,0.0,1.0,,,,,,,,,,,,,
4,2020-02-29,0.0,1.0,1.0,,,,,,,,,,,,,
5,2020-03-01,0.0,0.0,3.0,,,,,,,,,,,,,
6,2020-03-02,0.0,0.0,5.0,,,,,,,,,,,,,
7,2020-03-03,0.0,1.0,4.0,,,,,,,,,,,,,
8,2020-03-04,0.0,1.0,10.0,,0.0,1.0,3.0,,,,,,,,,
9,2020-03-05,0.0,3.0,17.0,,0.0,1.0,6.0,,,,,,,,,
10,2020-03-06,0.0,5.0,40.0,,0.0,2.0,11.0,,,,,,,,,
11,2020-03-07,1.0,7.0,50.0,,0.0,2.0,18.0,,,,,,,,,
12,2020-03-08,1.0,11.0,32.0,,0.0,4.0,23.0,,,,,,,,,
13,2020-03-09,1.0,5.0,61.0,,0.0,5.0,31.0,,,,,,,,,
14,2020-03-10,0.0,9.0,130.0,,0.0,6.0,49.0,,,,,,,,,
15,2020-03-11,1.0,17.0,123.0,,1.0,8.0,65.0,,0.0,4.0,34.0,,,,,
16,2020-03-12,0.0,22.0,127.0,,1.0,11.0,80.0,,0.0,6.0,43.0,,,,,
17,2020-03-13,2.0,23.0,113.0,,1.0,13.0,91.0,,0.0,8.0,51.0,,,,,
18,2020-03-14,4.0,28.0,219.0,,1.0,16.0,115.0,,1.0,9.0,67.0,,,,,
19,2020-03-15,7.0,24.0,173.0,,2.0,18.0,135.0,,1.0,11.0,79.0,,,,,
20,2020-03-16,4.0,40.0,270.0,,3.0,23.0,165.0,,2.0,14.0,98.0,,,,,
21,2020-03-17,17.0,105.0,288.0,,5.0,37.0,188.0,,3.0,21.0,118.0,,,,,
22,2020-03-18,15.0,91.0,347.0,,7.0,48.0,220.0,,4.0,28.0,142.0,,,,,
23,2020-03-19,23.0,73.0,396.0,,10.0,55.0,258.0,,5.0,33.0,169.0,,,,,
24,2020-03-20,28.0,141.0,533.0,,14.0,72.0,318.0,,7.0,43.0,204.0,,,,,
25,2020-03-21,30.0,200.0,637.0,,18.0,96.0,378.0,,10.0,56.0,246.0,,,,,
26,2020-03-22,44.0,161.0,605.0,,23.0,116.0,439.0,,13.0,67.0,287.0,,,,,
27,2020-03-23,32.0,229.0,553.0,,27.0,143.0,480.0,,15.0,83.0,322.0,,,,,
28,2020-03-24,62.0,245.0,749.0,,33.0,163.0,546.0,,19.0,100.0,367.0,,,,,
29,2020-03-25,76.0,325.0,843.0,,42.0,196.0,617.0,,25.0,122.0,418.0,,,,,
30,2020-03-26,71.0,317.0,1007.0,,49.0,231.0,704.0,,30.0,143.0,481.0,,,,,
31,2020-03-27,122.0,339.0,1167.0,,62.0,259.0,794.0,,38.0,166.0,556.0,,18.0,81.0,283.0,
32,2020-03-28,89.0,462.0,1146.0,,71.0,297.0,867.0,,44.0,197.0,622.0,,21.0,96.0,322.0,
33,2020-03-29,122.0,510.0,1092.0,,82.0,347.0,937.0,,52.0,231.0,688.0,,25.0,113.0,358.0,
34,2020-03-30,84.0,489.0,874.0,,89.0,384.0,983.0,,58.0,263.0,731.0,,28.0,129.0,387.0,
35,2020-03-31,168.0,695.0,836.0,,105.0,448.0,995.0,,69.0,306.0,770.0,,33.0,153.0,415.0,
36,2020-04-01,133.0,495.0,1008.0,,113.0,472.0,1019.0,,77.0,334.0,818.0,,38.0,169.0,448.0,
37,2020-04-02,155.0,602.0,1083.0,,125.0,513.0,1029.0,,87.0,372.0,867.0,,43.0,189.0,484.0,
38,2020-04-03,145.0,501.0,1020.0,,128.0,536.0,1008.0,,95.0,398.0,901.0,,48.0,206.0,518.0,
39,2020-04-04,187.0,363.0,1002.0,,142.0,522.0,988.0,,106.0,410.0,928.0,,54.0,218.0,551.0,
40,2020-04-05,103.0,233.0,1099.0,,139.0,483.0,989.0,,111.0,415.0,963.0,,58.0,225.0,586.0,
41,2020-04-06,91.0,258.0,945.0,,140.0,450.0,999.0,,115.0,417.0,991.0,,61.0,234.0,616.0,
42,2020-04-07,231.0,285.0,782.0,,149.0,391.0,991.0,,127.0,420.0,993.0,,68.0,243.0,641.0,
43,2020-04-08,157.0,313.0,959.0,,153.0,365.0,984.0,,133.0,419.0,1001.0,,73.0,253.0,671.0,
44,2020-04-09,143.0,250.0,1208.0,,151.0,315.0,1002.0,,138.0,414.0,1016.0,,78.0,261.0,707.0,
45,2020-04-10,119.0,211.0,1327.0,,147.0,273.0,1046.0,,138.0,405.0,1027.0,,82.0,268.0,747.0,
46,2020-04-11,142.0,214.0,1301.0,,141.0,252.0,1089.0,,141.0,387.0,1038.0,,87.0,274.0,786.0,
47,2020-04-12,96.0,194.0,1171.0,,140.0,246.0,1099.0,,140.0,364.0,1044.0,,90.0,280.0,821.0,
48,2020-04-13,74.0,129.0,959.0,,137.0,228.0,1101.0,,139.0,339.0,1050.0,,92.0,283.0,846.0,
49,2020-04-14,107.0,206.0,862.0,,120.0,217.0,1112.0,,134.0,304.0,1052.0,,96.0,289.0,869.0,
50,2020-04-15,202.0,208.0,730.0,,126.0,202.0,1080.0,,139.0,283.0,1032.0,,102.0,295.0,884.0,
51,2020-04-16,177.0,169.0,1071.0,,131.0,190.0,1060.0,,141.0,252.0,1031.0,,108.0,297.0,910.0,
52,2020-04-17,153.0,155.0,1234.0,,136.0,182.0,1047.0,,142.0,228.0,1046.0,,112.0,299.0,940.0,
53,2020-04-18,149.0,138.0,1186.0,,137.0,171.0,1030.0,,139.0,212.0,1060.0,,116.0,301.0,966.0,
54,2020-04-19,79.0,101.0,1023.0,,134.0,158.0,1009.0,,137.0,202.0,1054.0,,118.0,300.0,983.0,
55,2020-04-20,59.0,79.0,748.0,,132.0,151.0,979.0,,135.0,189.0,1040.0,,119.0,296.0,986.0,
56,2020-04-21,163.0,117.0,716.0,,140.0,138.0,958.0,,130.0,177.0,1035.0,,123.0,294.0,990.0,
57,2020-04-22,134.0,129.0,708.0,,131.0,127.0,955.0,,128.0,164.0,1017.0,,126.0,291.0,995.0,
58,2020-04-23,133.0,132.0,876.0,,124.0,122.0,927.0,,128.0,156.0,994.0,,129.0,287.0,999.0,
59,2020-04-24,111.0,126.0,805.0,,118.0,117.0,866.0,,127.0,150.0,956.0,,130.0,281.0,998.0,
60,2020-04-25,127.0,101.0,647.0,,115.0,112.0,789.0,,126.0,142.0,910.0,,132.0,273.0,986.0,
61,2020-04-26,64.0,80.0,651.0,,113.0,109.0,736.0,,124.0,134.0,873.0,,130.0,265.0,969.0,
62,2020-04-27,44.0,61.0,405.0,,111.0,107.0,687.0,,122.0,129.0,833.0,,128.0,251.0,944.0,
63,2020-04-28,47.0,90.0,193.0,,94.0,103.0,612.0,,117.0,120.0,785.0,,126.0,237.0,914.0,
64,2020-04-29,141.0,80.0,388.0,,95.0,96.0,566.0,,113.0,111.0,761.0,,128.0,224.0,898.0,
65,2020-04-30,85.0,91.0,507.0,,88.0,90.0,514.0,,106.0,106.0,720.0,,125.0,204.0,887.0,
66,2020-05-01,101.0,78.0,478.0,,87.0,83.0,467.0,,103.0,100.0,666.0,,124.0,190.0,869.0,
67,2020-05-02,87.0,99.0,437.0,,81.0,83.0,437.0,,98.0,97.0,613.0,,122.0,173.0,848.0,
68,2020-05-03,82.0,42.0,338.0,,84.0,77.0,392.0,,98.0,93.0,564.0,,120.0,158.0,825.0,
69,2020-05-04,15.0,32.0,201.0,,80.0,73.0,363.0,,95.0,90.0,525.0,,114.0,147.0,798.0,
70,2020-05-05,90.0,84.0,319.0,,86.0,72.0,381.0,,90.0,88.0,497.0,,113.0,142.0,772.0,
71,2020-05-06,33.0,25.0,319.0,,70.0,64.0,371.0,,83.0,80.0,469.0,,112.0,134.0,752.0,
72,2020-05-07,89.0,35.0,361.0,,71.0,56.0,350.0,,80.0,73.0,432.0,,107.0,126.0,738.0,
73,2020-05-08,76.0,70.0,320.0,,67.0,55.0,328.0,,77.0,69.0,397.0,,104.0,118.0,716.0,
74,2020-05-09,66.0,60.0,288.0,,64.0,50.0,307.0,,73.0,66.0,372.0,,102.0,111.0,686.0,
75,2020-05-10,19.0,26.0,242.0,,55.0,47.0,293.0,,70.0,62.0,343.0,,98.0,105.0,649.0,
76,2020-05-11,7.0,29.0,179.0,,54.0,47.0,290.0,,67.0,60.0,326.0,,94.0,99.0,612.0,
77,2020-05-12,56.0,41.0,195.0,,49.0,41.0,272.0,,68.0,57.0,327.0,,92.0,94.0,580.0,
78,2020-05-13,52.0,60.0,223.0,,52.0,46.0,258.0,,61.0,55.0,315.0,,92.0,91.0,555.0,
79,2020-05-14,30.0,29.0,274.0,,44.0,45.0,246.0,,57.0,51.0,298.0,,89.0,86.0,535.0,
80,2020-05-15,50.0,37.0,202.0,,40.0,40.0,229.0,,54.0,48.0,278.0,,84.0,80.0,518.0,
81,2020-05-16,34.0,49.0,194.0,,35.0,39.0,216.0,,50.0,44.0,261.0,,79.0,76.0,489.0,
82,2020-05-17,10.0,11.0,125.0,,34.0,37.0,199.0,,45.0,42.0,246.0,,74.0,71.0,452.0,
83,2020-05-18,13.0,30.0,148.0,,35.0,37.0,194.0,,45.0,42.0,242.0,,70.0,67.0,417.0,
84,2020-05-19,24.0,33.0,111.0,,30.0,36.0,182.0,,40.0,38.0,227.0,,68.0,65.0,387.0,
85,2020-05-20,33.0,14.0,187.0,,28.0,29.0,177.0,,40.0,37.0,218.0,,67.0,63.0,368.0,
86,2020-05-21,29.0,13.0,254.0,,28.0,27.0,174.0,,36.0,36.0,210.0,,63.0,60.0,352.0,
87,2020-05-22,10.0,10.0,184.0,,22.0,23.0,172.0,,31.0,32.0,200.0,,59.0,56.0,335.0,
88,2020-05-23,23.0,13.0,177.0,,20.0,18.0,169.0,,28.0,28.0,192.0,,55.0,52.0,312.0,
89,2020-05-24,11.0,12.0,173.0,,20.0,18.0,176.0,,27.0,27.0,188.0,,52.0,48.0,291.0,
90,2020-05-25,9.0,10.0,213.0,,20.0,15.0,186.0,,27.0,26.0,190.0,,48.0,45.0,276.0,
91,2020-05-26,20.0,7.0,129.0,,19.0,11.0,188.0,,25.0,23.0,185.0,,46.0,42.0,259.0,
92,2020-05-27,19.0,10.0,194.0,,17.0,11.0,189.0,,22.0,20.0,183.0,,45.0,41.0,252.0,
93,2020-05-28,27.0,16.0,179.0,,17.0,11.0,178.0,,22.0,19.0,176.0,,45.0,38.0,251.0,
94,2020-05-29,29.0,10.0,178.0,,20.0,11.0,178.0,,21.0,17.0,175.0,,41.0,36.0,244.0,
95,2020-05-30,20.0,5.0,141.0,,19.0,10.0,172.0,,20.0,14.0,171.0,,39.0,33.0,232.0,
96,2020-05-31,4.0,7.0,176.0,,18.0,9.0,173.0,,19.0,14.0,175.0,,36.0,31.0,222.0,
97,2020-06-01,5.0,8.0,105.0,,18.0,9.0,157.0,,19.0,12.0,172.0,,33.0,28.0,211.0,
98,2020-06-02,4.0,6.0,95.0,,15.0,9.0,153.0,,17.0,10.0,170.0,,30.0,26.0,203.0,
99,2020-06-03,13.0,11.0,93.0,,15.0,9.0,138.0,,16.0,10.0,164.0,,30.0,26.0,199.0,
100,2020-06-04,12.0,10.0,188.0,,12.0,8.0,139.0,,15.0,10.0,159.0,,28.0,23.0,195.0,
101,2020-06-05,15.0,10.0,217.0,,10.0,8.0,145.0,,15.0,10.0,161.0,,27.0,23.0,192.0,
102,2020-06-06,8.0,6.0,190.0,,9.0,8.0,152.0,,14.0,9.0,162.0,,24.0,22.0,186.0,
103,2020-06-07,3.0,3.0,239.0,,9.0,8.0,161.0,,13.0,8.0,167.0,,22.0,20.0,183.0,
104,2020-06-08,3.0,7.0,166.0,,8.0,8.0,170.0,,13.0,8.0,164.0,,20.0,18.0,179.0,
105,2020-06-09,13.0,6.0,164.0,,10.0,8.0,180.0,,12.0,8.0,166.0,,20.0,17.0,176.0,
106,2020-06-10,14.0,4.0,181.0,,10.0,7.0,192.0,,12.0,8.0,165.0,,20.0,16.0,176.0,
107,2020-06-11,4.0,3.0,162.0,,9.0,6.0,188.0,,10.0,7.0,164.0,,18.0,15.0,175.0,
108,2020-06-12,7.0,5.0,207.0,,7.0,5.0,187.0,,9.0,6.0,166.0,,17.0,13.0,175.0,
109,2020-06-13,6.0,11.0,181.0,,7.0,6.0,186.0,,8.0,7.0,169.0,,16.0,13.0,172.0,
110,2020-06-14,1.0,8.0,144.0,,7.0,6.0,172.0,,8.0,7.0,167.0,,14.0,12.0,170.0,
111,2020-06-15,7.0,2.0,159.0,,7.0,6.0,171.0,,8.0,7.0,170.0,,13.0,10.0,169.0,
112,2020-06-16,4.0,2.0,134.0,,6.0,5.0,167.0,,8.0,6.0,173.0,,13.0,10.0,169.0,
113,2020-06-17,5.0,5.0,113.0,,5.0,5.0,157.0,,7.0,6.0,175.0,,13.0,9.0,168.0,
114,2020-06-18,3.0,3.0,125.0,,5.0,5.0,152.0,,7.0,5.0,170.0,,12.0,8.0,168.0,
115,2020-06-19,4.0,9.0,108.0,,4.0,6.0,138.0,,6.0,5.0,162.0,,11.0,8.0,166.0,
116,2020-06-20,8.0,2.0,90.0,,5.0,4.0,125.0,,6.0,5.0,155.0,,10.0,7.0,160.0,
117,2020-06-21,1.0,3.0,95.0,,5.0,4.0,118.0,,6.0,5.0,145.0,,10.0,7.0,157.0,
118,2020-06-22,0.0,1.0,68.0,,4.0,4.0,105.0,,6.0,5.0,138.0,,9.0,7.0,154.0,
119,2020-06-23,5.0,4.0,70.0,,4.0,4.0,96.0,,5.0,4.0,131.0,,9.0,6.0,150.0,
120,2020-06-24,3.0,5.0,80.0,,3.0,4.0,91.0,,4.0,4.0,124.0,,9.0,6.0,146.0,
121,2020-06-25,3.0,4.0,110.0,,3.0,4.0,89.0,,4.0,5.0,120.0,,8.0,6.0,145.0,
122,2020-06-26,2.0,5.0,93.0,,3.0,3.0,87.0,,4.0,5.0,112.0,,8.0,6.0,142.0,
123,2020-06-27,3.0,3.0,77.0,,2.0,4.0,85.0,,4.0,4.0,105.0,,7.0,6.0,138.0,
124,2020-06-28,0.0,3.0,66.0,,2.0,4.0,81.0,,3.0,4.0,99.0,,6.0,5.0,135.0,
125,2020-06-29,2.0,3.0,76.0,,3.0,4.0,82.0,,3.0,4.0,93.0,,5.0,5.0,132.0,
126,2020-06-30,5.0,2.0,57.0,,3.0,4.0,80.0,,3.0,4.0,88.0,,5.0,5.0,128.0,
127,2020-07-01,3.0,2.0,62.0,,3.0,3.0,77.0,,3.0,4.0,84.0,,5.0,5.0,127.0,
128,2020-07-02,3.0,0.0,75.0,,3.0,3.0,72.0,,3.0,3.0,80.0,,5.0,5.0,126.0,
129,2020-07-03,1.0,4.0,76.0,,2.0,2.0,70.0,,3.0,3.0,78.0,,5.0,4.0,126.0,
130,2020-07-04,7.0,1.0,65.0,,3.0,2.0,68.0,,3.0,3.0,76.0,,5.0,4.0,122.0,
131,2020-07-05,1.0,0.0,72.0,,3.0,2.0,69.0,,3.0,3.0,75.0,,4.0,4.0,117.0,
132,2020-07-06,0.0,0.0,41.0,,3.0,1.0,64.0,,3.0,3.0,73.0,,4.0,4.0,112.0,
133,2020-07-07,4.0,1.0,34.0,,3.0,1.0,61.0,,3.0,2.0,70.0,,4.0,4.0,105.0,
134,2020-07-08,4.0,6.0,57.0,,3.0,2.0,60.0,,3.0,2.0,69.0,,4.0,4.0,101.0,
135,2020-07-09,2.0,0.0,60.0,,3.0,2.0,58.0,,3.0,2.0,65.0,,4.0,3.0,98.0,
136,2020-07-10,0.0,3.0,65.0,,3.0,2.0,56.0,,2.0,2.0,63.0,,3.0,3.0,94.0,
137,2020-07-11,5.0,4.0,84.0,,2.0,2.0,59.0,,3.0,2.0,64.0,,3.0,3.0,91.0,
138,2020-07-12,0.0,2.0,95.0,,2.0,2.0,62.0,,3.0,2.0,66.0,,3.0,3.0,88.0,
139,2020-07-13,0.0,1.0,72.0,,2.0,2.0,67.0,,2.0,2.0,65.0,,3.0,3.0,84.0,
140,2020-07-14,10.0,8.0,98.0,,3.0,3.0,76.0,,3.0,2.0,68.0,,3.0,3.0,83.0,
141,2020-07-15,2.0,4.0,109.0,,3.0,3.0,83.0,,3.0,2.0,72.0,,3.0,3.0,81.0,
142,2020-07-16,2.0,2.0,119.0,,3.0,3.0,92.0,,3.0,3.0,75.0,,3.0,3.0,80.0,
143,2020-07-17,2.0,1.0,109.0,,3.0,3.0,98.0,,3.0,2.0,77.0,,3.0,3.0,80.0,
144,2020-07-18,1.0,3.0,145.0,,2.0,3.0,107.0,,2.0,2.0,83.0,,3.0,3.0,81.0,
145,2020-07-19,0.0,3.0,145.0,,2.0,3.0,114.0,,2.0,3.0,88.0,,3.0,3.0,82.0,
146,2020-07-20,0.0,2.0,183.0,,2.0,3.0,130.0,,2.0,3.0,98.0,,2.0,3.0,85.0,
147,2020-07-21,1.0,1.0,169.0,,1.0,2.0,140.0,,2.0,3.0,108.0,,2.0,3.0,88.0,
148,2020-07-22,2.0,1.0,170.0,,1.0,2.0,149.0,,2.0,2.0,116.0,,2.0,3.0,91.0,
149,2020-07-23,1.0,2.0,164.0,,1.0,2.0,155.0,,2.0,3.0,123.0,,2.0,3.0,94.0,
150,2020-07-24,0.0,4.0,155.0,,1.0,2.0,162.0,,2.0,3.0,130.0,,2.0,2.0,97.0,
151,2020-07-25,1.0,3.0,184.0,,1.0,2.0,167.0,,2.0,3.0,137.0,,2.0,2.0,99.0,
152,2020-07-26,0.0,2.0,213.0,,1.0,2.0,177.0,,2.0,3.0,145.0,,2.0,2.0,103.0,
153,2020-07-27,1.0,3.0,209.0,,1.0,2.0,181.0,,2.0,3.0,155.0,,2.0,2.0,108.0,
154,2020-07-28,4.0,4.0,224.0,,1.0,3.0,188.0,,1.0,2.0,164.0,,2.0,2.0,113.0,
155,2020-07-29,2.0,6.0,248.0,,1.0,3.0,200.0,,1.0,3.0,174.0,,2.0,2.0,119.0,
156,2020-07-30,0.0,3.0,341.0,,1.0,4.0,225.0,,1.0,3.0,190.0,,2.0,3.0,128.0,
157,2020-07-31,0.0,8.0,341.0,,1.0,4.0,251.0,,1.0,3.0,206.0,,2.0,3.0,137.0,
158,2020-08-01,1.0,4.0,431.0,,1.0,4.0,287.0,,1.0,3.0,227.0,,2.0,3.0,149.0,
159,2020-08-02,1.0,5.0,361.0,,1.0,5.0,308.0,,1.0,3.0,242.0,,2.0,3.0,159.0,
160,2020-08-03,0.0,7.0,372.0,,1.0,5.0,331.0,,1.0,4.0,256.0,,2.0,3.0,169.0,
161,2020-08-04,2.0,8.0,487.0,,1.0,6.0,369.0,,1.0,4.0,279.0,,2.0,3.0,183.0,
162,2020-08-05,3.0,5.0,428.0,,1.0,6.0,394.0,,1.0,5.0,297.0,,2.0,4.0,196.0,
163,2020-08-06,0.0,3.0,605.0,,1.0,6.0,432.0,,1.0,5.0,328.0,,2.0,4.0,215.0,
164,2020-08-07,1.0,4.0,517.0,,1.0,5.0,457.0,,1.0,5.0,354.0,,1.0,4.0,230.0,
165,2020-08-08,3.0,3.0,484.0,,1.0,5.0,465.0,,1.0,5.0,376.0,,2.0,4.0,244.0,
166,2020-08-09,0.0,9.0,577.0,,1.0,6.0,496.0,,1.0,5.0,402.0,,2.0,4.0,261.0,
167,2020-08-10,0.0,6.0,787.0,,1.0,5.0,555.0,,1.0,5.0,443.0,,1.0,4.0,285.0,
168,2020-08-11,2.0,8.0,620.0,,1.0,5.0,574.0,,1.0,6.0,471.0,,1.0,4.0,302.0,
169,2020-08-12,2.0,10.0,651.0,,1.0,6.0,606.0,,1.0,6.0,500.0,,1.0,4.0,322.0,
170,2020-08-13,4.0,6.0,576.0,,2.0,7.0,602.0,,1.0,6.0,517.0,,1.0,4.0,337.0,
171,2020-08-14,2.0,12.0,627.0,,2.0,8.0,617.0,,2.0,6.0,537.0,,1.0,5.0,355.0,
172,2020-08-15,2.0,7.0,656.0,,2.0,8.0,642.0,,2.0,7.0,553.0,,1.0,5.0,373.0,
173,2020-08-16,3.0,6.0,499.0,,2.0,8.0,631.0,,2.0,7.0,563.0,,1.0,5.0,386.0,
174,2020-08-17,0.0,5.0,487.0,,2.0,8.0,588.0,,2.0,7.0,572.0,,1.0,5.0,397.0,
175,2020-08-18,3.0,4.0,493.0,,2.0,7.0,570.0,,2.0,6.0,572.0,,1.0,5.0,409.0,
176,2020-08-19,6.0,18.0,553.0,,3.0,8.0,556.0,,2.0,7.0,581.0,,2.0,6.0,421.0,
177,2020-08-20,9.0,10.0,532.0,,4.0,9.0,550.0,,3.0,8.0,576.0,,2.0,6.0,433.0,
178,2020-08-21,1.0,18.0,533.0,,3.0,10.0,536.0,,3.0,9.0,577.0,,2.0,6.0,445.0,
179,2020-08-22,5.0,11.0,507.0,,4.0,10.0,515.0,,3.0,9.0,578.0,,2.0,7.0,457.0,
180,2020-08-23,0.0,7.0,455.0,,3.0,10.0,509.0,,3.0,9.0,570.0,,2.0,7.0,467.0,
181,2020-08-24,2.0,5.0,573.0,,4.0,10.0,521.0,,3.0,9.0,554.0,,2.0,7.0,480.0,
182,2020-08-25,5.0,15.0,416.0,,4.0,12.0,510.0,,3.0,10.0,540.0,,2.0,7.0,486.0,
183,2020-08-26,8.0,20.0,572.0,,4.0,12.0,513.0,,4.0,10.0,534.0,,2.0,8.0,498.0,
184,2020-08-27,3.0,7.0,508.0,,3.0,12.0,509.0,,4.0,10.0,529.0,,2.0,8.0,508.0,
185,2020-08-28,3.0,9.0,501.0,,4.0,11.0,505.0,,4.0,10.0,520.0,,2.0,8.0,516.0,
186,2020-08-29,4.0,2.0,503.0,,4.0,9.0,504.0,,4.0,10.0,509.0,,2.0,8.0,522.0,
187,2020-08-30,0.0,3.0,506.0,,4.0,9.0,511.0,,4.0,10.0,510.0,,2.0,8.0,527.0,
188,2020-08-31,0.0,10.0,526.0,,3.0,9.0,505.0,,4.0,10.0,513.0,,2.0,8.0,530.0,
189,2020-09-01,6.0,5.0,467.0,,3.0,8.0,512.0,,4.0,10.0,511.0,,3.0,8.0,534.0,
190,2020-09-02,5.0,6.0,720.0,,3.0,6.0,533.0,,4.0,9.0,523.0,,3.0,8.0,546.0,
191,2020-09-03,2.0,5.0,599.0,,3.0,6.0,546.0,,3.0,9.0,528.0,,3.0,8.0,549.0,
192,2020-09-04,2.0,7.0,743.0,,3.0,5.0,581.0,,3.0,8.0,543.0,,3.0,8.0,560.0,
193,2020-09-05,5.0,5.0,649.0,,3.0,6.0,601.0,,3.0,8.0,553.0,,3.0,8.0,561.0,
194,2020-09-06,2.0,5.0,920.0,,3.0,6.0,661.0,,3.0,7.0,586.0,,3.0,8.0,575.0,
195,2020-09-07,0.0,8.0,795.0,,3.0,6.0,699.0,,3.0,8.0,602.0,,3.0,8.0,585.0,
196,2020-09-08,1.0,6.0,969.0,,2.0,6.0,771.0,,3.0,7.0,641.0,,3.0,8.0,598.0,
197,2020-09-09,2.0,9.0,1140.0,,2.0,6.0,831.0,,2.0,6.0,682.0,,3.0,8.0,610.0,
198,2020-09-10,3.0,16.0,837.0,,2.0,8.0,865.0,,2.0,7.0,705.0,,3.0,9.0,617.0,
199,2020-09-11,3.0,10.0,1272.0,,2.0,8.0,940.0,,2.0,7.0,760.0,,3.0,9.0,638.0,
200,2020-09-12,1.0,6.0,1222.0,,2.0,9.0,1022.0,,2.0,7.0,812.0,,3.0,9.0,659.0,
201,2020-09-13,1.0,17.0,1088.0,,2.0,10.0,1046.0,,2.0,8.0,853.0,,3.0,9.0,675.0,
202,2020-09-14,2.0,8.0,1297.0,,2.0,10.0,1118.0,,2.0,8.0,908.0,,3.0,9.0,696.0,
203,2020-09-15,2.0,25.0,1376.0,,2.0,13.0,1176.0,,2.0,10.0,973.0,,3.0,9.0,725.0,
204,2020-09-16,2.0,15.0,1537.0,,2.0,14.0,1233.0,,2.0,10.0,1032.0,,3.0,10.0,760.0,
205,2020-09-17,6.0,14.0,1739.0,,2.0,14.0,1362.0,,2.0,11.0,1113.0,,3.0,10.0,802.0,
206,2020-09-18,6.0,12.0,1958.0,,3.0,14.0,1460.0,,3.0,11.0,1200.0,,3.0,10.0,849.0,
207,2020-09-19,3.0,32.0,1892.0,,3.0,18.0,1555.0,,2.0,13.0,1289.0,,3.0,11.0,894.0,
208,2020-09-20,4.0,20.0,1844.0,,4.0,18.0,1663.0,,3.0,14.0,1355.0,,3.0,11.0,938.0,
209,2020-09-21,2.0,26.0,2212.0,,4.0,21.0,1794.0,,3.0,15.0,1456.0,,3.0,11.0,995.0,
210,2020-09-22,10.0,30.0,2237.0,,5.0,21.0,1917.0,,3.0,17.0,1546.0,,3.0,12.0,1054.0,
211,2020-09-23,5.0,32.0,2334.0,,5.0,24.0,2031.0,,4.0,19.0,1632.0,,3.0,13.0,1113.0,
212,2020-09-24,16.0,24.0,2536.0,,7.0,25.0,2145.0,,4.0,19.0,1753.0,,4.0,13.0,1183.0,
213,2020-09-25,16.0,34.0,2764.0,,8.0,28.0,2260.0,,5.0,21.0,1860.0,,4.0,14.0,1256.0,
214,2020-09-26,38.0,29.0,2701.0,,13.0,28.0,2375.0,,8.0,23.0,1965.0,,5.0,14.0,1329.0,
215,2020-09-27,8.0,36.0,2976.0,,14.0,30.0,2537.0,,9.0,24.0,2100.0,,5.0,15.0,1412.0,
216,2020-09-28,6.0,38.0,2902.0,,14.0,32.0,2636.0,,9.0,26.0,2215.0,,5.0,16.0,1492.0,
217,2020-09-29,13.0,47.0,3004.0,,15.0,34.0,2745.0,,10.0,28.0,2331.0,,6.0,18.0,1575.0,
218,2020-09-30,13.0,45.0,3286.0,,16.0,36.0,2881.0,,10.0,30.0,2456.0,,6.0,19.0,1667.0,
219,2020-10-01,13.0,44.0,3253.0,,15.0,39.0,2984.0,,11.0,32.0,2564.0,,6.0,20.0,1760.0,
220,2020-10-02,9.0,22.0,3804.0,,14.0,37.0,3132.0,,11.0,33.0,2696.0,,7.0,21.0,1863.0,
221,2020-10-03,20.0,31.0,3937.0,,12.0,38.0,3309.0,,12.0,33.0,2842.0,,7.0,22.0,1974.0,
222,2020-10-04,4.0,24.0,3985.0,,11.0,36.0,3453.0,,12.0,33.0,2995.0,,7.0,22.0,2082.0,
223,2020-10-05,7.0,56.0,4555.0,,11.0,38.0,3689.0,,13.0,35.0,3162.0,,7.0,24.0,2212.0,
224,2020-10-06,21.0,82.0,4522.0,,12.0,43.0,3906.0,,14.0,39.0,3326.0,,8.0,27.0,2332.0,
225,2020-10-07,36.0,62.0,4975.0,,16.0,46.0,4147.0,,16.0,41.0,3514.0,,9.0,28.0,2472.0,
226,2020-10-08,12.0,49.0,5785.0,,16.0,47.0,4509.0,,15.0,43.0,3746.0,,9.0,30.0,2632.0,
227,2020-10-09,14.0,64.0,5961.0,,16.0,53.0,4817.0,,15.0,45.0,3975.0,,10.0,32.0,2793.0,
228,2020-10-10,23.0,51.0,6480.0,,17.0,55.0,5180.0,,14.0,46.0,4245.0,,11.0,33.0,2981.0,
229,2020-10-11,16.0,54.0,6345.0,,18.0,60.0,5518.0,,15.0,48.0,4485.0,,11.0,34.0,3150.0,
230,2020-10-12,13.0,58.0,6803.0,,19.0,60.0,5839.0,,15.0,49.0,4764.0,,11.0,36.0,3336.0,
231,2020-10-13,33.0,105.0,7336.0,,21.0,63.0,6241.0,,17.0,53.0,5073.0,,12.0,39.0,3545.0,
232,2020-10-14,32.0,76.0,7252.0,,20.0,65.0,6566.0,,18.0,56.0,5357.0,,13.0,41.0,3743.0,
233,2020-10-15,29.0,76.0,7779.0,,23.0,69.0,6851.0,,19.0,58.0,5680.0,,14.0,43.0,3956.0,
234,2020-10-16,18.0,85.0,7955.0,,23.0,72.0,7136.0,,20.0,62.0,5976.0,,15.0,45.0,4170.0,
235,2020-10-17,28.0,75.0,8107.0,42.0,24.0,76.0,7368.0,,20.0,66.0,6274.0,,16.0,47.0,4383.0,
236,2020-10-18,14.0,69.0,8149.0,28.0,24.0,78.0,7626.0,,21.0,69.0,6572.0,,16.0,49.0,4589.0,
237,2020-10-19,17.0,82.0,7989.0,38.0,24.0,81.0,7795.0,,22.0,71.0,6817.0,,16.0,51.0,4792.0,
238,2020-10-20,46.0,90.0,8144.0,55.0,26.0,79.0,7911.0,,24.0,71.0,7076.0,,18.0,53.0,5002.0,
239,2020-10-21,57.0,101.0,8718.0,52.0,30.0,83.0,8120.0,,25.0,74.0,7343.0,,20.0,56.0,5219.0,
240,2020-10-22,46.0,109.0,9251.0,56.0,32.0,87.0,8330.0,,28.0,78.0,7591.0,,21.0,58.0,5453.0,
241,2020-10-23,47.0,109.0,9974.0,43.0,36.0,91.0,8619.0,45.0,30.0,81.0,7877.0,,22.0,61.0,5708.0,
242,2020-10-24,55.0,93.0,8642.0,52.0,40.0,93.0,8695.0,46.0,32.0,84.0,8032.0,,23.0,63.0,5911.0,
243,2020-10-25,27.0,110.0,10170.0,28.0,42.0,99.0,8984.0,46.0,33.0,88.0,8305.0,,24.0,66.0,6158.0,
244,2020-10-26,26.0,75.0,10303.0,49.0,43.0,98.0,9315.0,48.0,34.0,90.0,8555.0,,23.0,67.0,6411.0,
245,2020-10-27,69.0,107.0,10267.0,53.0,47.0,101.0,9618.0,48.0,36.0,90.0,8764.0,,25.0,70.0,6654.0,
246,2020-10-28,53.0,87.0,8077.0,57.0,46.0,99.0,9526.0,48.0,38.0,91.0,8823.0,,27.0,71.0,6827.0,
247,2020-10-29,62.0,83.0,10248.0,47.0,48.0,95.0,9669.0,47.0,40.0,91.0,9000.0,,29.0,72.0,7068.0,
248,2020-10-30,86.0,105.0,11070.0,37.0,54.0,94.0,9825.0,46.0,45.0,92.0,9222.0,46.0,31.0,74.0,7328.0,
249,2020-10-31,51.0,117.0,9773.0,76.0,53.0,98.0,9987.0,50.0,47.0,96.0,9341.0,48.0,32.0,77.0,7545.0,
250,2020-11-01,39.0,109.0,8680.0,58.0,55.0,98.0,9774.0,54.0,49.0,98.0,9379.0,50.0,33.0,80.0,7708.0,
251,2020-11-02,29.0,89.0,8265.0,47.0,56.0,100.0,9483.0,54.0,50.0,99.0,9399.0,51.0,34.0,82.0,7852.0,
252,2020-11-03,112.0,99.0,7739.0,59.0,62.0,98.0,9122.0,54.0,54.0,100.0,9370.0,51.0,37.0,84.0,7977.0,
253,2020-11-04,102.0,101.0,7600.0,50.0,69.0,100.0,9054.0,53.0,57.0,100.0,9290.0,51.0,40.0,86.0,8079.0,
254,2020-11-05,87.0,99.0,6948.0,35.0,72.0,103.0,8582.0,52.0,60.0,99.0,9125.0,49.0,43.0,86.0,8160.0,
255,2020-11-06,116.0,91.0,7227.0,33.0,77.0,101.0,8033.0,51.0,65.0,98.0,8929.0,49.0,45.0,87.0,8235.0,
256,2020-11-07,72.0,122.0,6616.0,37.0,80.0,101.0,7582.0,46.0,66.0,100.0,8784.0,48.0,47.0,90.0,8262.0,
257,2020-11-08,43.0,94.0,5656.0,36.0,80.0,99.0,7150.0,42.0,68.0,98.0,8462.0,48.0,48.0,91.0,8252.0,
258,2020-11-09,38.0,54.0,4671.0,40.0,81.0,94.0,6637.0,41.0,68.0,97.0,8060.0,48.0,49.0,91.0,8192.0,
259,2020-11-10,95.0,73.0,4646.0,39.0,79.0,91.0,6195.0,39.0,70.0,94.0,7658.0,46.0,51.0,91.0,8135.0,
260,2020-11-11,76.0,73.0,5384.0,36.0,75.0,87.0,5878.0,37.0,72.0,94.0,7466.0,45.0,54.0,92.0,8088.0,
261,2020-11-12,85.0,92.0,5619.0,31.0,75.0,86.0,5688.0,36.0,74.0,94.0,7135.0,44.0,55.0,92.0,8031.0,
262,2020-11-13,54.0,85.0,6069.0,32.0,66.0,85.0,5523.0,36.0,71.0,93.0,6778.0,44.0,56.0,92.0,7991.0,
263,2020-11-14,84.0,96.0,5901.0,32.0,68.0,81.0,5421.0,35.0,74.0,91.0,6502.0,40.0,58.0,92.0,7929.0,
264,2020-11-15,44.0,98.0,5419.0,22.0,68.0,82.0,5387.0,33.0,74.0,90.0,6269.0,38.0,59.0,93.0,7844.0,43.0
265,2020-11-16,45.0,85.0,4843.0,29.0,69.0,86.0,5412.0,32.0,75.0,90.0,6024.0,36.0,59.0,93.0,7735.0,43.0
266,2020-11-17,85.0,78.0,4281.0,38.0,68.0,87.0,5359.0,31.0,73.0,89.0,5777.0,35.0,62.0,94.0,7606.0,43.0
267,2020-11-18,82.0,101.0,4586.0,27.0,68.0,91.0,5245.0,30.0,72.0,89.0,5562.0,33.0,64.0,94.0,7493.0,43.0
268,2020-11-19,75.0,95.0,5687.0,37.0,67.0,91.0,5255.0,31.0,71.0,88.0,5472.0,34.0,65.0,94.0,7411.0,42.0
269,2020-11-20,49.0,64.0,5933.0,35.0,66.0,88.0,5236.0,31.0,66.0,86.0,5379.0,34.0,64.0,93.0,7318.0,42.0
270,2020-11-21,47.0,83.0,6006.0,45.0,61.0,86.0,5251.0,33.0,64.0,84.0,5336.0,34.0,64.0,92.0,7210.0,41.0
271,2020-11-22,21.0,66.0,5361.0,26.0,58.0,82.0,5242.0,34.0,63.0,82.0,5315.0,34.0,64.0,91.0,7056.0,41.0
272,2020-11-23,54.0,51.0,5182.0,23.0,59.0,77.0,5291.0,33.0,64.0,81.0,5351.0,32.0,64.0,89.0,6941.0,40.0
273,2020-11-24,90.0,80.0,3947.0,32.0,60.0,77.0,5243.0,32.0,64.0,82.0,5301.0,32.0,66.0,88.0,6733.0,40.0
274,2020-11-25,74.0,74.0,4911.0,39.0,59.0,73.0,5290.0,34.0,64.0,82.0,5268.0,32.0,67.0,88.0,6554.0,40.0
275,2020-11-26,74.0,63.0,4470.0,33.0,58.0,69.0,5116.0,33.0,63.0,80.0,5185.0,32.0,67.0,87.0,6360.0,39.0
276,2020-11-27,83.0,76.0,5752.0,23.0,63.0,70.0,5090.0,32.0,65.0,79.0,5163.0,32.0,68.0,87.0,6283.0,38.0
277,2020-11-28,56.0,67.0,4465.0,19.0,65.0,68.0,4870.0,28.0,63.0,77.0,5060.0,31.0,68.0,86.0,6090.0,37.0
278,2020-11-29,25.0,74.0,5565.0,18.0,65.0,69.0,4899.0,27.0,61.0,76.0,5071.0,30.0,66.0,85.0,5907.0,36.0
279,2020-11-30,28.0,53.0,4573.0,18.0,61.0,70.0,4812.0,26.0,60.0,73.0,5051.0,30.0,65.0,83.0,5733.0,34.0
280,2020-12-01,61.0,59.0,4038.0,20.0,57.0,67.0,4825.0,24.0,58.0,72.0,5034.0,28.0,66.0,81.0,5579.0,33.0
281,2020-12-02,66.0,61.0,4908.0,25.0,56.0,65.0,4824.0,22.0,57.0,69.0,5057.0,28.0,67.0,80.0,5467.0,32.0
282,2020-12-03,59.0,73.0,5595.0,21.0,54.0,66.0,4985.0,21.0,56.0,67.0,5050.0,27.0,66.0,79.0,5395.0,31.0
283,2020-12-04,57.0,54.0,5892.0,28.0,50.0,63.0,5005.0,21.0,57.0,67.0,5048.0,26.0,64.0,78.0,5338.0,30.0
284,2020-12-05,39.0,62.0,6531.0,31.0,48.0,62.0,5300.0,23.0,56.0,65.0,5085.0,25.0,63.0,77.0,5324.0,30.0
285,2020-12-06,24.0,51.0,6764.0,21.0,48.0,59.0,5472.0,23.0,56.0,64.0,5185.0,25.0,60.0,75.0,5309.0,30.0
286,2020-12-07,19.0,75.0,7094.0,24.0,46.0,62.0,5832.0,24.0,54.0,66.0,5322.0,25.0,58.0,74.0,5325.0,29.0
287,2020-12-08,68.0,70.0,6124.0,22.0,47.0,64.0,6130.0,25.0,52.0,65.0,5477.0,24.0,59.0,73.0,5341.0,29.0
288,2020-12-09,66.0,76.0,6547.0,36.0,47.0,66.0,6364.0,26.0,52.0,65.0,5594.0,24.0,60.0,74.0,5403.0,29.0
289,2020-12-10,63.0,72.0,8712.0,26.0,48.0,66.0,6809.0,27.0,51.0,66.0,5897.0,24.0,58.0,74.0,5539.0,28.0
290,2020-12-11,64.0,58.0,8839.0,30.0,49.0,66.0,7230.0,27.0,50.0,65.0,6118.0,24.0,58.0,73.0,5654.0,28.0
291,2020-12-12,53.0,78.0,9124.0,37.0,51.0,69.0,7601.0,28.0,49.0,65.0,6450.0,26.0,57.0,73.0,5771.0,28.0
292,2020-12-13,29.0,80.0,9881.0,36.0,52.0,73.0,8046.0,30.0,50.0,66.0,6759.0,27.0,56.0,72.0,5898.0,28.0
293,2020-12-14,35.0,75.0,8464.0,36.0,54.0,73.0,8242.0,32.0,50.0,67.0,7037.0,28.0,54.0,72.0,5983.0,29.0
294,2020-12-15,86.0,64.0,6635.0,46.0,57.0,72.0,8315.0,35.0,52.0,68.0,7222.0,30.0,56.0,71.0,6024.0,29.0
295,2020-12-16,76.0,64.0,11166.0,28.0,58.0,70.0,8974.0,34.0,53.0,68.0,7669.0,30.0,57.0,70.0,6234.0,29.0
296,2020-12-17,76.0,94.0,12781.0,38.0,60.0,73.0,9556.0,36.0,54.0,70.0,8182.0,31.0,57.0,70.0,6518.0,29.0
297,2020-12-18,83.0,84.0,11961.0,52.0,63.0,77.0,10002.0,39.0,56.0,72.0,8616.0,33.0,57.0,70.0,6764.0,30.0
298,2020-12-19,55.0,102.0,12228.0,45.0,63.0,80.0,10445.0,40.0,57.0,74.0,9023.0,34.0,56.0,70.0,6982.0,30.0
299,2020-12-20,31.0,99.0,12998.0,36.0,63.0,83.0,10890.0,40.0,57.0,78.0,9468.0,35.0,55.0,71.0,7217.0,30.0
300,2020-12-21,30.0,76.0,11158.0,37.0,62.0,83.0,11275.0,40.0,58.0,78.0,9758.0,36.0,55.0,71.0,7389.0,30.0
301,2020-12-22,113.0,83.0,9825.0,33.0,66.0,86.0,11731.0,38.0,61.0,79.0,10023.0,37.0,58.0,72.0,7538.0,30.0
302,2020-12-23,104.0,94.0,10396.0,56.0,70.0,90.0,11621.0,42.0,64.0,80.0,10298.0,38.0,60.0,73.0,7711.0,32.0
303,2020-12-24,88.0,90.0,11500.0,38.0,72.0,90.0,11438.0,42.0,66.0,82.0,10497.0,39.0,60.0,73.0,7963.0,32.0
304,2020-12-25,93.0,84.0,11497.0,41.0,73.0,90.0,11372.0,41.0,68.0,83.0,10687.0,40.0,60.0,74.0,8183.0,32.0
305,2020-12-26,49.0,71.0,9818.0,42.0,73.0,85.0,11027.0,40.0,68.0,83.0,10736.0,40.0,59.0,74.0,8361.0,32.0
306,2020-12-27,28.0,78.0,9008.0,42.0,72.0,82.0,10457.0,41.0,68.0,83.0,10674.0,41.0,57.0,74.0,8470.0,33.0
307,2020-12-28,44.0,90.0,7404.0,54.0,74.0,84.0,9921.0,44.0,68.0,84.0,10598.0,42.0,57.0,75.0,8568.0,34.0
308,2020-12-29,169.0,111.0,7522.0,72.0,82.0,88.0,9592.0,49.0,74.0,87.0,10662.0,44.0,62.0,76.0,8633.0,36.0
309,2020-12-30,111.0,91.0,9454.0,64.0,83.0,88.0,9458.0,50.0,77.0,89.0,10539.0,46.0,65.0,77.0,8795.0,37.0
310,2020-12-31,109.0,135.0,9667.0,38.0,86.0,94.0,9196.0,50.0,79.0,92.0,10317.0,46.0,66.0,80.0,8983.0,38.0
311,2021-01-01,98.0,77.0,8171.0,37.0,87.0,93.0,8721.0,50.0,80.0,92.0,10046.0,45.0,67.0,80.0,9092.0,38.0
312,2021-01-02,38.0,58.0,8591.0,37.0,85.0,91.0,8545.0,49.0,79.0,88.0,9786.0,45.0,67.0,80.0,9192.0,39.0
313,2021-01-03,47.0,111.0,7399.0,29.0,88.0,96.0,8315.0,47.0,80.0,89.0,9386.0,44.0,66.0,82.0,9242.0,39.0
314,2021-01-04,65.0,71.0,6636.0,41.0,91.0,93.0,8206.0,45.0,83.0,89.0,9063.0,45.0,67.0,82.0,9245.0,39.0
315,2021-01-05,152.0,94.0,6379.0,46.0,89.0,91.0,8042.0,42.0,85.0,90.0,8817.0,46.0,71.0,84.0,9233.0,40.0
316,2021-01-06,175.0,102.0,7098.0,39.0,98.0,93.0,7706.0,38.0,90.0,90.0,8582.0,44.0,77.0,84.0,9233.0,40.0
317,2021-01-07,81.0,91.0,9680.0,29.0,94.0,86.0,7708.0,37.0,90.0,90.0,8452.0,44.0,77.0,85.0,9351.0,41.0
318,2021-01-08,88.0,84.0,8115.0,37.0,92.0,87.0,7700.0,37.0,90.0,90.0,8210.0,43.0,78.0,85.0,9404.0,41.0
319,2021-01-09,137.0,78.0,7337.0,44.0,106.0,90.0,7521.0,38.0,96.0,91.0,8033.0,44.0,80.0,86.0,9358.0,41.0
320,2021-01-10,53.0,78.0,6609.0,25.0,107.0,85.0,7408.0,37.0,98.0,91.0,7862.0,42.0,80.0,86.0,9283.0,41.0
321,2021-01-11,47.0,61.0,5453.0,24.0,105.0,84.0,7239.0,35.0,98.0,89.0,7722.0,40.0,80.0,86.0,9161.0,41.0
322,2021-01-12,153.0,99.0,4943.0,43.0,105.0,85.0,7034.0,34.0,97.0,88.0,7538.0,38.0,84.0,86.0,8996.0,41.0
323,2021-01-13,121.0,68.0,6097.0,46.0,97.0,80.0,6891.0,35.0,97.0,86.0,7298.0,37.0,87.0,86.0,8918.0,41.0
324,2021-01-14,86.0,75.0,6500.0,48.0,98.0,78.0,6436.0,38.0,96.0,82.0,7072.0,38.0,87.0,86.0,8913.0,41.0
325,2021-01-15,94.0,73.0,6032.0,24.0,99.0,76.0,6139.0,36.0,96.0,82.0,6919.0,37.0,87.0,87.0,8742.0,41.0
326,2021-01-16,96.0,54.0,5303.0,35.0,93.0,73.0,5848.0,35.0,100.0,81.0,6684.0,36.0,88.0,85.0,8493.0,41.0
327,2021-01-17,43.0,69.0,5585.0,38.0,91.0,71.0,5702.0,37.0,99.0,78.0,6555.0,37.0,87.0,85.0,8280.0,41.0
328,2021-01-18,59.0,85.0,4791.0,28.0,93.0,75.0,5607.0,37.0,99.0,79.0,6423.0,36.0,87.0,84.0,8032.0,40.0
329,2021-01-19,105.0,101.0,4300.0,42.0,86.0,75.0,5515.0,37.0,96.0,80.0,6274.0,36.0,89.0,84.0,7742.0,40.0
330,2021-01-20,86.0,73.0,5573.0,27.0,81.0,76.0,5441.0,35.0,89.0,78.0,6166.0,35.0,91.0,84.0,7556.0,40.0
331,2021-01-21,91.0,87.0,5815.0,36.0,82.0,77.0,5343.0,33.0,90.0,78.0,5890.0,36.0,90.0,84.0,7422.0,40.0
332,2021-01-22,89.0,70.0,5754.0,31.0,81.0,77.0,5303.0,34.0,90.0,76.0,5721.0,35.0,90.0,84.0,7268.0,39.0
333,2021-01-23,88.0,78.0,5453.0,33.0,80.0,80.0,5324.0,34.0,86.0,76.0,5586.0,34.0,90.0,83.0,7066.0,39.0
334,2021-01-24,30.0,63.0,4888.0,42.0,78.0,80.0,5225.0,34.0,85.0,75.0,5463.0,36.0,88.0,83.0,6846.0,39.0
335,2021-01-25,40.0,102.0,4097.0,24.0,76.0,82.0,5126.0,34.0,84.0,78.0,5366.0,36.0,87.0,84.0,6655.0,38.0
336,2021-01-26,86.0,70.0,3962.0,52.0,73.0,78.0,5077.0,35.0,80.0,76.0,5296.0,36.0,89.0,83.0,6487.0,39.0
337,2021-01-27,68.0,67.0,4732.0,38.0,70.0,77.0,4957.0,37.0,76.0,76.0,5199.0,36.0,90.0,83.0,6398.0,38.0
338,2021-01-28,82.0,64.0,4703.0,29.0,69.0,73.0,4798.0,36.0,76.0,75.0,5071.0,34.0,87.0,81.0,6304.0,37.0
339,2021-01-29,57.0,63.0,4407.0,36.0,64.0,72.0,4606.0,36.0,73.0,75.0,4954.0,35.0,85.0,80.0,6136.0,36.0
340,2021-01-30,88.0,80.0,4177.0,29.0,64.0,73.0,4424.0,36.0,72.0,77.0,4874.0,35.0,85.0,78.0,5953.0,36.0
341,2021-01-31,40.0,57.0,3685.0,30.0,66.0,72.0,4252.0,34.0,72.0,76.0,4738.0,34.0,83.0,78.0,5803.0,35.0
342,2021-02-01,27.0,39.0,3244.0,24.0,64.0,63.0,4130.0,34.0,70.0,72.0,4628.0,34.0,82.0,77.0,5625.0,35.0
343,2021-02-02,83.0,67.0,3560.0,29.0,64.0,62.0,4073.0,31.0,68.0,70.0,4575.0,33.0,84.0,75.0,5497.0,35.0
344,2021-02-03,62.0,67.0,4030.0,25.0,63.0,62.0,3972.0,29.0,66.0,70.0,4465.0,33.0,84.0,75.0,5410.0,34.0
345,2021-02-04,67.0,69.0,4210.0,29.0,61.0,63.0,3902.0,29.0,65.0,68.0,4350.0,32.0,81.0,74.0,5338.0,34.0
346,2021-02-05,60.0,92.0,4329.0,22.0,61.0,67.0,3891.0,27.0,63.0,70.0,4248.0,32.0,77.0,74.0,5245.0,33.0
347,2021-02-06,61.0,71.0,4099.0,22.0,57.0,66.0,3880.0,26.0,61.0,69.0,4152.0,31.0,76.0,73.0,5059.0,33.0
348,2021-02-07,48.0,58.0,3923.0,19.0,58.0,66.0,3914.0,24.0,62.0,69.0,4083.0,29.0,75.0,73.0,4920.0,32.0
349,2021-02-08,25.0,40.0,2259.0,26.0,58.0,66.0,3773.0,25.0,61.0,65.0,3951.0,29.0,71.0,71.0,4750.0,32.0
350,2021-02-09,84.0,56.0,1763.0,26.0,58.0,65.0,3516.0,24.0,61.0,64.0,3794.0,27.0,72.0,71.0,4589.0,32.0
351,2021-02-10,78.0,67.0,3191.0,20.0,60.0,65.0,3396.0,23.0,62.0,64.0,3684.0,26.0,73.0,71.0,4514.0,32.0
352,2021-02-11,74.0,73.0,4434.0,23.0,61.0,65.0,3428.0,23.0,61.0,64.0,3665.0,26.0,71.0,70.0,4497.0,31.0
353,2021-02-12,65.0,82.0,4337.0,32.0,62.0,64.0,3429.0,24.0,62.0,66.0,3660.0,25.0,69.0,70.0,4438.0,31.0
354,2021-02-13,67.0,62.0,4184.0,32.0,63.0,63.0,3442.0,25.0,60.0,64.0,3661.0,26.0,68.0,70.0,4361.0,30.0
355,2021-02-14,23.0,60.0,3436.0,19.0,59.0,63.0,3372.0,25.0,59.0,64.0,3643.0,25.0,66.0,70.0,4274.0,30.0
356,2021-02-15,27.0,47.0,2847.0,22.0,60.0,64.0,3456.0,25.0,59.0,65.0,3614.0,25.0,63.0,69.0,4192.0,30.0
357,2021-02-16,88.0,59.0,2698.0,32.0,60.0,64.0,3590.0,26.0,59.0,64.0,3553.0,25.0,65.0,69.0,4096.0,29.0
358,2021-02-17,89.0,77.0,3382.0,34.0,62.0,66.0,3617.0,28.0,61.0,65.0,3507.0,26.0,66.0,69.0,4049.0,30.0
359,2021-02-18,74.0,64.0,4572.0,33.0,62.0,64.0,3637.0,29.0,62.0,65.0,3532.0,26.0,65.0,67.0,4058.0,29.0
360,2021-02-19,50.0,72.0,4691.0,20.0,60.0,63.0,3687.0,27.0,61.0,63.0,3558.0,26.0,64.0,67.0,4029.0,29.0
361,2021-02-20,62.0,91.0,4552.0,20.0,59.0,67.0,3740.0,26.0,61.0,65.0,3591.0,26.0,63.0,68.0,3987.0,28.0
362,2021-02-21,17.0,42.0,4679.0,34.0,58.0,65.0,3917.0,28.0,59.0,64.0,3645.0,27.0,60.0,67.0,3951.0,29.0
363,2021-02-22,32.0,65.0,4185.0,37.0,59.0,67.0,4108.0,30.0,59.0,66.0,3782.0,27.0,58.0,66.0,3909.0,29.0
364,2021-02-23,93.0,59.0,3819.0,31.0,60.0,67.0,4269.0,30.0,60.0,66.0,3929.0,28.0,61.0,66.0,3873.0,28.0
365,2021-02-24,63.0,49.0,4381.0,20.0,56.0,63.0,4411.0,28.0,59.0,64.0,4014.0,28.0,61.0,64.0,3882.0,28.0
366,2021-02-25,32.0,58.0,4998.0,29.0,50.0,62.0,4472.0,27.0,56.0,63.0,4054.0,28.0,60.0,64.0,3917.0,27.0
367,2021-02-26,65.0,52.0,5109.0,32.0,52.0,59.0,4532.0,29.0,56.0,61.0,4110.0,28.0,59.0,63.0,3929.0,27.0
368,2021-02-27,41.0,85.0,4946.0,22.0,49.0,59.0,4588.0,29.0,54.0,63.0,4164.0,28.0,58.0,64.0,3938.0,27.0
369,2021-02-28,21.0,61.0,4659.0,21.0,50.0,61.0,4585.0,27.0,54.0,63.0,4251.0,28.0,57.0,64.0,3946.0,26.0
370,2021-03-01,21.0,68.0,3769.0,30.0,48.0,62.0,4526.0,26.0,53.0,64.0,4317.0,28.0,55.0,64.0,3932.0,26.0
371,2021-03-02,65.0,54.0,3986.0,52.0,44.0,61.0,4550.0,29.0,52.0,64.0,4409.0,30.0,55.0,64.0,3942.0,27.0
372,2021-03-03,48.0,50.0,5053.0,49.0,42.0,61.0,4646.0,34.0,49.0,62.0,4528.0,31.0,56.0,64.0,4003.0,28.0
373,2021-03-04,33.0,61.0,4118.0,31.0,42.0,62.0,4520.0,34.0,46.0,62.0,4496.0,31.0,54.0,64.0,4021.0,28.0
374,2021-03-05,32.0,77.0,4701.0,39.0,37.0,65.0,4462.0,35.0,45.0,62.0,4497.0,32.0,54.0,64.0,4044.0,29.0
375,2021-03-06,42.0,45.0,5356.0,36.0,37.0,59.0,4520.0,37.0,43.0,59.0,4554.0,33.0,53.0,63.0,4082.0,29.0
376,2021-03-07,30.0,79.0,4567.0,39.0,39.0,62.0,4507.0,39.0,44.0,62.0,4546.0,33.0,52.0,63.0,4090.0,29.0
